Sample id,Latitude,Longitude,Year,Country,Genotype cyp51A,Mating-type,Source,Itraconazole resistance,Itraconazole MIC,Voriconazole MIC,Posaconazole MIC,DAPCcluster
C109,53408371,-2991573,2015,UK,TR34/L98H,MAT1-1,Clinical,Resistant,>16,1,NA,Cluster 2
C11,51839927,-4151486,2015,UK,TR34/L98H,MAT1-2,Environmental,Resistant,>16,2,0.25,Cluster 1
C12,51839927,-4151486,2015,UK,TR34/L98H,MAT1-2,Environmental,Resistant,>16,4,0.25,Cluster 3
C127,51488709,-170508,2015,UK,Wildtype,MAT1-2,Clinical,Resistant,>16,0.25,0.125,Cluster 2
C130,51488709,-170508,2015,UK,G54W,MAT1-2,Clinical,Resistant,>16,0.125,8,Cluster 2
C131,51488709,-170508,2015,UK,G54W,MAT1-2,Clinical,Resistant,>16,0.125,16,Cluster 2
C134,51488709,-170508,2015,UK,TR34/L98H,MAT1-1,Clinical,Resistant,16,2,1,Cluster 2
C141,51488709,-170508,2015,UK,TR34/L98H,MAT1-1,Clinical,Resistant,16,1,0.25,Cluster 2
C144,51488709,-170508,2015,UK,TR34/L98H,MAT1-2,Clinical,Resistant,>16,2,0.25,Cluster 1
C147,53800755,-1549077,2009,UK,Wildtype,MAT1-2,Clinical,Susceptible,1,0.125,0.03,Cluster 2
C149,53800755,-1549077,2009,UK,TR34/L98H,MAT1-1,Clinical,Resistant,>16,0.25,0.125,Cluster 1
C158,51486555,-219482,2016,UK,TR34/L98H/T289A/I364V/G448S,MAT1-2,Clinical,Resistant,16,>16,4,Cluster 1
C159,51486555,-219482,2016,UK,TR34/L98H,MAT1-2,Clinical,Resistant,>16,2,0.5,Cluster 1
C40,53349805,-626031,2013,Republic of Ireland,Wildtype,MAT1-1,Clinical,Susceptible,0.06,0.25,0.03,Cluster 2
C5,51441624,-3276812,2015,UK,TR34/L98H,MAT1-2,Environmental,Resistant,>16,2,0.12,Cluster 3
C53,53349805,-626031,2012,Republic of Ireland,Wildtype,MAT1-2,Clinical,Susceptible,0.25,0.12,0.06,Cluster 2
C54,53349805,-626031,2012,Republic of Ireland,Wildtype,MAT1-2,Clinical,Susceptible,0.06,0.25,0.03,Cluster 2
C55,53349805,-626031,2013,Republic of Ireland,Wildtype,MAT1-2,Clinical,Susceptible,0.03,0.25,0.015,Cluster 2
C62,53349805,-626031,2013,Republic of Ireland,Wildtype,MAT1-1,Clinical,Susceptible,0.03,0.25,0.015,Cluster 1
C64,53349805,-626031,2013,Republic of Ireland,Wildtype,MAT1-1,Clinical,Susceptible,0.25,0.25,0.12,Cluster 1
